BETRIEBSTAG;FAHRT_BEZEICHNER;BETREIBER_ID;BETREIBER_ABK;BETREIBER_NAME;PRODUKT_ID;LINIEN_ID;LINIEN_TEXT;UMLAUF_ID;VERKEHRSMITTEL_TEXT;ZUSATZFAHRT_TF;FAELLT_AUS_TF;BPUIC;HALTESTELLEN_NAME;ANKUNFTSZEIT;AN_PROGNOSE;AN_PROGNOSE_STATUS;ABFAHRTSZEIT;AB_PROGNOSE;AB_PROGNOSE_STATUS;DURCHFAHRT_TF;AN_VERSPAETUNG_MIN
2024-08-04;85:146:218363-02198-1;85:146;STI;STI Bus AG;Bus;85:146:6;6;42;B;False;False;8507180;Thun, Bahnhof;2024-08-04 05:54:00;2024-08-04 05:54:23;REAL;;;;False;0.38333333333333336
2024-08-04;85:146:218301-02198-1;85:146;STI;STI Bus AG;Bus;85:146:6;6;41;B;False;False;8507180;Thun, Bahnhof;2024-08-04 06:22:00;2024-08-04 06:22:39;REAL;;;;False;0.65
2024-08-04;85:146:266499-02198-1;85:146;STI;STI Bus AG;Bus;85:146:3;3;38;B;False;False;8507180;Thun, Bahnhof;2024-08-04 06:27:00;2024-08-04 06:27:34;REAL;04.08.2024 06:30;04.08.2024 06:30:53;REAL;False;0.5666666666666667
2024-08-04;85:146:274347-02198-1;85:146;STI;STI Bus AG;Bus;85:146:1;1;11;B;False;False;8507180;Thun, Bahnhof;2024-08-04 06:27:00;2024-08-04 06:27:40;REAL;04.08.2024 06:30;04.08.2024 06:30:22;REAL;False;0.6666666666666666
2024-08-04;85:146:265646-02198-1;85:146;STI;STI Bus AG;Bus;85:146:1;1;12;B;False;False;8507180;Thun, Bahnhof;2024-08-04 06:27:00;2024-08-04 06:27:47;REAL;04.08.2024 06:30;04.08.2024 06:30:14;REAL;False;0.7833333333333333
2024-08-04;85:146:448373-02198-1;85:146;STI;STI Bus AG;Bus;85:146:5;5;24;B;False;False;8507180;Thun, Bahnhof;2024-08-04 06:58:00;2024-08-04 06:58:26;REAL;;;;False;0.43333333333333335
2024-08-04;85:146:218305-02198-1;85:146;STI;STI Bus AG;Bus;85:146:6;6;41;B;False;False;8507180;Thun, Bahnhof;2024-08-04 07:14:00;2024-08-04 07:14:35;REAL;;;;False;0.5833333333333334
2024-08-04;85:146:448347-02198-1;85:146;STI;STI Bus AG;Bus;85:146:5;5;23;B;False;False;8507180;Thun, Bahnhof;2024-08-04 07:28:00;2024-08-04 07:28:04;REAL;;;;False;0.06666666666666667
2024-08-04;85:146:218375-02198-1;85:146;STI;STI Bus AG;Bus;85:146:6;6;42;B;False;False;8507180;Thun, Bahnhof;2024-08-04 07:44:00;2024-08-04 07:44:29;REAL;;;;False;0.48333333333333334
2024-08-04;85:146:274348-02198-1;85:146;STI;STI Bus AG;Bus;85:146:1;1;11;B;False;False;8507180;Thun, Bahnhof;2024-08-04 07:57:00;2024-08-04 07:58:29;REAL;04.08.2024 08:00;04.08.2024 08:00:21;REAL;False;1.4833333333333334
2024-08-04;85:146:448321-02198-1;85:146;STI;STI Bus AG;Bus;85:146:5;5;22;B;False;False;8507180;Thun, Bahnhof;2024-08-04 07:58:00;2024-08-04 07:58:39;REAL;;;;False;0.65
2024-08-04;85:146:265637-02198-1;85:146;STI;STI Bus AG;Bus;85:146:1;1;11;B;False;False;8507180;Thun, Bahnhof;2024-08-04 08:27:00;2024-08-04 08:27:20;REAL;04.08.2024 08:30;04.08.2024 08:31:01;REAL;False;0.3333333333333333
2024-08-04;85:146:448733-02198-1;85:146;STI;STI Bus AG;Bus;85:146:4;4;42;B;False;False;8507180;Thun, Bahnhof;2024-08-04 08:56:00;2024-08-04 08:56:25;REAL;;;;False;0.4166666666666667
2024-08-04;85:146:358774-02198-1;85:146;STI;STI Bus AG;Bus;85:146:3;3;30;B;False;False;8507180;Thun, Bahnhof;2024-08-04 08:57:00;2024-08-04 08:57:02;REAL;04.08.2024 09:00;04.08.2024 09:01:36;REAL;False;0.03333333333333333
2024-08-04;85:146:265661-02198-1;85:146;STI;STI Bus AG;Bus;85:146:1;1;13;B;False;False;8507180;Thun, Bahnhof;2024-08-04 08:57:00;2024-08-04 08:57:13;REAL;04.08.2024 09:00;04.08.2024 09:00:44;REAL;False;0.21666666666666667
2024-08-04;85:146:449472-02198-1;85:146;STI;STI Bus AG;Bus;85:146:32;32;91;B;False;False;8507180;Thun, Bahnhof;2024-08-04 08:57:00;2024-08-04 08:58:18;REAL;;;;False;1.3
2024-08-04;85:146:274360-02198-1;85:146;STI;STI Bus AG;Bus;85:146:1;1;12;B;False;False;8507180;Thun, Bahnhof;2024-08-04 08:57:00;2024-08-04 08:57:24;REAL;04.08.2024 09:00;04.08.2024 09:00:46;REAL;False;0.4
2024-08-04;85:146:448671-02198-1;85:146;STI;STI Bus AG;Bus;85:146:4;4;41;B;False;False;8507180;Thun, Bahnhof;2024-08-04 09:11:00;2024-08-04 09:11:25;REAL;;;;False;0.4166666666666667
2024-08-04;85:146:265674-02198-1;85:146;STI;STI Bus AG;Bus;85:146:1;1;14;B;False;False;8507180;Thun, Bahnhof;2024-08-04 09:12:00;2024-08-04 09:14:25;REAL;04.08.2024 09:15;04.08.2024 09:15:24;REAL;False;2.4166666666666665
2024-08-04;85:146:274399-02198-1;85:146;STI;STI Bus AG;Bus;85:146:1;1;15;B;False;False;8507180;Thun, Bahnhof;2024-08-04 09:12:00;2024-08-04 09:13:06;REAL;04.08.2024 09:15;04.08.2024 09:15:29;REAL;False;1.1
2024-08-04;85:146:447405-02198-1;85:146;STI;STI Bus AG;Bus;85:146:2;2;20;B;False;False;8507180;Thun, Bahnhof;2024-08-04 09:12:00;2024-08-04 09:12:55;REAL;;;;False;0.9166666666666666
2024-08-04;85:146:274349-02198-1;85:146;STI;STI Bus AG;Bus;85:146:1;1;11;B;False;False;8507180;Thun, Bahnhof;2024-08-04 09:27:00;2024-08-04 09:28:31;REAL;04.08.2024 09:30;04.08.2024 09:30:42;REAL;False;1.5166666666666666
2024-08-04;85:146:330025-02198-1;85:146;STI;STI Bus AG;Bus;85:146:3;3;32;B;False;False;8507180;Thun, Bahnhof;2024-08-04 09:27:00;2024-08-04 09:29:13;REAL;04.08.2024 09:30;04.08.2024 09:31:00;REAL;False;2.216666666666667
2024-08-04;85:146:218156-02198-1;85:146;STI;STI Bus AG;Bus;85:146:50;50;34;B;False;False;8507180;Thun, Bahnhof;2024-08-04 09:27:00;2024-08-04 09:28:06;REAL;;;;False;1.1
2024-08-04;85:146:274987-02198-1;85:146;STI;STI Bus AG;Bus;85:146:55;55;33;B;False;False;8507180;Thun, Bahnhof;2024-08-04 09:27:00;2024-08-04 09:28:20;REAL;;;;False;1.3333333333333333
2024-08-04;85:146:448377-02198-1;85:146;STI;STI Bus AG;Bus;85:146:5;5;24;B;False;False;8507180;Thun, Bahnhof;2024-08-04 09:28:00;2024-08-04 09:28:36;REAL;;;;False;0.6
2024-08-04;85:146:448737-02198-1;85:146;STI;STI Bus AG;Bus;85:146:4;4;42;B;False;False;8507180;Thun, Bahnhof;2024-08-04 09:41:00;2024-08-04 09:41:44;REAL;;;;False;0.7333333333333333
2024-08-04;85:146:274386-02198-1;85:146;STI;STI Bus AG;Bus;85:146:1;1;14;B;False;False;8507180;Thun, Bahnhof;2024-08-04 09:42:00;2024-08-04 09:46:59;REAL;04.08.2024 09:45;04.08.2024 09:49:51;REAL;False;4.983333333333333
2024-08-04;85:146:448675-02198-1;85:146;STI;STI Bus AG;Bus;85:146:4;4;41;B;False;False;8507180;Thun, Bahnhof;2024-08-04 09:56:00;2024-08-04 09:56:08;REAL;;;;False;0.13333333333333333
2024-08-04;85:146:274361-02198-1;85:146;STI;STI Bus AG;Bus;85:146:1;1;12;B;False;False;8507180;Thun, Bahnhof;2024-08-04 10:12:00;2024-08-04 10:13:18;REAL;04.08.2024 10:15;04.08.2024 10:15:32;REAL;False;1.3
2024-08-04;85:146:218321-02198-1;85:146;STI;STI Bus AG;Bus;85:146:6;6;41;B;False;False;8507180;Thun, Bahnhof;2024-08-04 10:14:00;2024-08-04 10:14:28;REAL;;;;False;0.4666666666666667
2024-08-04;85:146:219013-02198-1;85:146;STI;STI Bus AG;Bus;85:146:25;25;86;B;False;False;8507180;Thun, Bahnhof;2024-08-04 10:24:00;2024-08-04 10:24:53;REAL;;;;False;0.8833333333333333
2024-08-04;85:146:274410-02198-1;85:146;STI;STI Bus AG;Bus;85:146:1;1;16;B;False;False;8507180;Thun, Bahnhof;2024-08-04 10:27:00;2024-08-04 10:28:42;REAL;04.08.2024 10:30;04.08.2024 10:32:36;REAL;False;1.7
2024-08-04;85:146:330070-02198-1;85:146;STI;STI Bus AG;Bus;85:146:3;3;35;B;False;False;8507180;Thun, Bahnhof;2024-08-04 10:27:00;2024-08-04 10:27:21;REAL;04.08.2024 10:30;04.08.2024 10:31:10;REAL;False;0.35
2024-08-04;85:146:218442-02198-1;85:146;STI;STI Bus AG;Bus;85:146:6;6;43;B;False;False;8507180;Thun, Bahnhof;2024-08-04 10:29:00;2024-08-04 10:29:13;REAL;;;;False;0.21666666666666667
2024-08-04;85:146:448679-02198-1;85:146;STI;STI Bus AG;Bus;85:146:4;4;41;B;False;False;8507180;Thun, Bahnhof;2024-08-04 10:41:00;2024-08-04 10:41:20;REAL;;;;False;0.3333333333333333
2024-08-04;85:146:274350-02198-1;85:146;STI;STI Bus AG;Bus;85:146:1;1;11;B;False;False;8507180;Thun, Bahnhof;2024-08-04 10:42:00;2024-08-04 10:44:01;REAL;04.08.2024 10:45;04.08.2024 10:45:34;REAL;False;2.0166666666666666
2024-08-04;85:146:448379-02198-1;85:146;STI;STI Bus AG;Bus;85:146:5;5;24;B;False;False;8507180;Thun, Bahnhof;2024-08-04 10:43:00;2024-08-04 10:43:20;REAL;;;;False;0.3333333333333333
2024-08-04;85:146:448792-02198-1;85:146;STI;STI Bus AG;Bus;85:146:4;4;43;B;False;False;8507180;Thun, Bahnhof;2024-08-04 10:56:00;2024-08-04 10:56:32;REAL;;;;False;0.5333333333333333
2024-08-04;85:146:449426-02198-1;85:146;STI;STI Bus AG;Bus;85:146:32;32;90;B;False;False;8507180;Thun, Bahnhof;2024-08-04 10:57:00;2024-08-04 10:57:03;REAL;;;;False;0.05
2024-08-04;85:146:274400-02198-1;85:146;STI;STI Bus AG;Bus;85:146:1;1;15;B;False;False;8507180;Thun, Bahnhof;2024-08-04 10:57:00;2024-08-04 10:58:35;REAL;04.08.2024 11:00;04.08.2024 11:00:13;REAL;False;1.5833333333333333
2024-08-04;85:146:358778-02198-1;85:146;STI;STI Bus AG;Bus;85:146:3;3;30;B;False;False;8507180;Thun, Bahnhof;2024-08-04 10:57:00;2024-08-04 10:57:11;REAL;04.08.2024 11:00;04.08.2024 11:00:56;REAL;False;0.18333333333333332
2024-08-04;85:146:266424-02198-1;85:146;STI;STI Bus AG;Bus;85:146:51;51;34;B;False;False;8507180;Thun, Bahnhof;2024-08-04 10:57:00;2024-08-04 10:57:24;REAL;;;;False;0.4
2024-08-04;85:146:274374-02198-1;85:146;STI;STI Bus AG;Bus;85:146:1;1;13;B;False;False;8507180;Thun, Bahnhof;2024-08-04 11:12:00;2024-08-04 11:14:01;REAL;04.08.2024 11:15;04.08.2024 11:15:28;REAL;False;2.0166666666666666
2024-08-04;85:146:359068-02198-1;85:146;STI;STI Bus AG;Bus;85:146:3;3;38;B;False;False;8507180;Thun, Bahnhof;2024-08-04 11:12:00;2024-08-04 11:12:11;REAL;04.08.2024 11:15;04.08.2024 11:15:36;REAL;False;0.18333333333333332
2024-08-04;85:146:448353-02198-1;85:146;STI;STI Bus AG;Bus;85:146:5;5;23;B;False;False;8507180;Thun, Bahnhof;2024-08-04 11:13:00;2024-08-04 11:13:46;REAL;;;;False;0.7666666666666667
2024-08-04;85:146:218712-02198-1;85:146;STI;STI Bus AG;Bus;85:146:25;25;57;B;False;False;8507180;Thun, Bahnhof;2024-08-04 11:24:00;2024-08-04 11:25:29;REAL;;;;False;1.4833333333333334
2024-08-04;85:146:274993-02198-1;85:146;STI;STI Bus AG;Bus;85:146:55;55;33;B;False;False;8507180;Thun, Bahnhof;2024-08-04 11:27:00;2024-08-04 11:30:13;REAL;;;;False;3.216666666666667
2024-08-04;85:146:274387-02198-1;85:146;STI;STI Bus AG;Bus;85:146:1;1;14;B;False;False;8507180;Thun, Bahnhof;2024-08-04 11:27:00;2024-08-04 11:27:24;REAL;04.08.2024 11:30;04.08.2024 11:30:58;REAL;False;0.4
2024-08-04;85:146:448295-02198-1;85:146;STI;STI Bus AG;Bus;85:146:5;5;21;B;False;False;8507180;Thun, Bahnhof;2024-08-04 11:28:00;2024-08-04 11:28:19;REAL;;;;False;0.31666666666666665
2024-08-04;85:146:218395-02198-1;85:146;STI;STI Bus AG;Bus;85:146:6;6;42;B;False;False;8507180;Thun, Bahnhof;2024-08-04 11:29:00;2024-08-04 11:29:11;REAL;;;;False;0.18333333333333332
2024-08-04;85:146:448796-02198-1;85:146;STI;STI Bus AG;Bus;85:146:4;4;43;B;False;False;8507180;Thun, Bahnhof;2024-08-04 11:41:00;2024-08-04 11:41:04;REAL;;;;False;0.06666666666666667
2024-08-04;85:146:274411-02198-1;85:146;STI;STI Bus AG;Bus;85:146:1;1;16;B;False;False;8507180;Thun, Bahnhof;2024-08-04 11:42:00;2024-08-04 11:42:35;REAL;04.08.2024 11:45;04.08.2024 11:46:25;REAL;False;0.5833333333333334
2024-08-04;85:146:266509-02198-1;85:146;STI;STI Bus AG;Bus;85:146:3;3;38;B;False;False;8507180;Thun, Bahnhof;2024-08-04 11:42:00;2024-08-04 11:42:37;REAL;04.08.2024 11:45;04.08.2024 11:45:40;REAL;False;0.6166666666666667
2024-08-04;85:146:218775-02198-1;85:146;STI;STI Bus AG;Bus;85:146:25;25;61;B;False;False;8507180;Thun, Bahnhof;2024-08-04 11:54:00;2024-08-04 11:54:27;REAL;;;;False;0.45
2024-08-04;85:146:265663-02198-1;85:146;STI;STI Bus AG;Bus;85:146:1;1;13;B;False;False;8507180;Thun, Bahnhof;2024-08-04 11:57:00;2024-08-04 11:59:47;REAL;04.08.2024 12:00;04.08.2024 12:02:08;REAL;False;2.783333333333333
2024-08-04;85:146:266426-02198-1;85:146;STI;STI Bus AG;Bus;85:146:51;51;34;B;False;False;8507180;Thun, Bahnhof;2024-08-04 11:57:00;2024-08-04 11:58:17;REAL;;;;False;1.2833333333333334
2024-08-04;85:146:274362-02198-1;85:146;STI;STI Bus AG;Bus;85:146:1;1;12;B;False;False;8507180;Thun, Bahnhof;2024-08-04 11:57:00;2024-08-04 11:58:08;REAL;04.08.2024 12:00;04.08.2024 12:01:20;REAL;False;1.1333333333333333
2024-08-04;85:146:358780-02198-1;85:146;STI;STI Bus AG;Bus;85:146:3;3;30;B;False;False;8507180;Thun, Bahnhof;2024-08-04 11:57:00;2024-08-04 11:58:32;REAL;04.08.2024 12:00;04.08.2024 12:00:18;REAL;False;1.5333333333333334
2024-08-04;85:146:448381-02198-1;85:146;STI;STI Bus AG;Bus;85:146:5;5;24;B;False;False;8507180;Thun, Bahnhof;2024-08-04 11:58:00;2024-08-04 12:00:29;REAL;;;;False;2.4833333333333334
2024-08-04;85:146:218450-02198-1;85:146;STI;STI Bus AG;Bus;85:146:6;6;43;B;False;False;8507180;Thun, Bahnhof;2024-08-04 11:59:00;2024-08-04 11:59:36;REAL;;;;False;0.6
2024-08-04;85:146:448687-02198-1;85:146;STI;STI Bus AG;Bus;85:146:4;4;41;B;False;False;8507180;Thun, Bahnhof;2024-08-04 12:11:00;2024-08-04 12:11:47;REAL;;;;False;0.7833333333333333
2024-08-04;85:146:265676-02198-1;85:146;STI;STI Bus AG;Bus;85:146:1;1;14;B;False;False;8507180;Thun, Bahnhof;2024-08-04 12:12:00;2024-08-04 12:12:43;REAL;04.08.2024 12:15;04.08.2024 12:15:58;REAL;False;0.7166666666666667
2024-08-04;85:146:359070-02198-1;85:146;STI;STI Bus AG;Bus;85:146:3;3;38;B;False;False;8507180;Thun, Bahnhof;2024-08-04 12:12:00;2024-08-04 12:12:14;REAL;04.08.2024 12:15;04.08.2024 12:15:19;REAL;False;0.23333333333333334
2024-08-04;85:146:274401-02198-1;85:146;STI;STI Bus AG;Bus;85:146:1;1;15;B;False;False;8507180;Thun, Bahnhof;2024-08-04 12:12:00;2024-08-04 12:13:45;REAL;04.08.2024 12:15;04.08.2024 12:15:59;REAL;False;1.75
2024-08-04;85:146:219018-02198-1;85:146;STI;STI Bus AG;Bus;85:146:25;25;86;B;False;False;8507180;Thun, Bahnhof;2024-08-04 12:24:00;2024-08-04 12:26:35;REAL;;;;False;2.5833333333333335
2024-08-04;85:146:274351-02198-1;85:146;STI;STI Bus AG;Bus;85:146:1;1;11;B;False;False;8507180;Thun, Bahnhof;2024-08-04 12:27:00;2024-08-04 12:29:09;REAL;04.08.2024 12:30;04.08.2024 12:31:46;REAL;False;2.15
2024-08-04;85:146:218935-02198-1;85:146;STI;STI Bus AG;Bus;85:146:43;43;66;B;False;False;8507180;Thun, Bahnhof;2024-08-04 12:27:00;2024-08-04 12:28:19;REAL;;;;False;1.3166666666666667
2024-08-04;85:146:266203-02198-1;85:146;STI;STI Bus AG;Bus;85:146:3;3;30;B;False;False;8507180;Thun, Bahnhof;2024-08-04 12:27:00;2024-08-04 12:27:17;REAL;04.08.2024 12:30;04.08.2024 12:30:59;REAL;False;0.2833333333333333
2024-08-04;85:146:265702-02198-1;85:146;STI;STI Bus AG;Bus;85:146:1;1;16;B;False;False;8507180;Thun, Bahnhof;2024-08-04 12:27:00;2024-08-04 12:27:55;REAL;04.08.2024 12:30;04.08.2024 12:30:29;REAL;False;0.9166666666666666
2024-08-04;85:146:448355-02198-1;85:146;STI;STI Bus AG;Bus;85:146:5;5;23;B;False;False;8507180;Thun, Bahnhof;2024-08-04 12:28:00;2024-08-04 12:28:47;REAL;;;;False;0.7833333333333333
2024-08-04;85:146:266880-02198-1;85:146;STI;STI Bus AG;Bus;85:146:21;21;53;B;False;False;8507180;Thun, Bahnhof;2024-08-04 12:39:00;2024-08-04 12:40:30;REAL;;;;False;1.5
2024-08-04;85:146:274388-02198-1;85:146;STI;STI Bus AG;Bus;85:146:1;1;14;B;False;False;8507180;Thun, Bahnhof;2024-08-04 12:42:00;2024-08-04 12:42:39;REAL;04.08.2024 12:45;04.08.2024 12:45:21;REAL;False;0.65
2024-08-04;85:146:265691-02198-1;85:146;STI;STI Bus AG;Bus;85:146:1;1;15;B;False;False;8507180;Thun, Bahnhof;2024-08-04 12:57:00;2024-08-04 12:57:01;REAL;04.08.2024 13:00;04.08.2024 13:00:42;REAL;False;0.016666666666666666
2024-08-04;85:146:358782-02198-1;85:146;STI;STI Bus AG;Bus;85:146:3;3;30;B;False;False;8507180;Thun, Bahnhof;2024-08-04 12:57:00;2024-08-04 12:58:02;REAL;04.08.2024 13:00;04.08.2024 13:00:09;REAL;False;1.0333333333333334
2024-08-04;85:146:274375-02198-1;85:146;STI;STI Bus AG;Bus;85:146:1;1;13;B;False;False;8507180;Thun, Bahnhof;2024-08-04 12:57:00;2024-08-04 12:57:52;REAL;04.08.2024 13:00;04.08.2024 13:00:42;REAL;False;0.8666666666666667
2024-08-04;85:146:448804-02198-1;85:146;STI;STI Bus AG;Bus;85:146:4;4;43;B;False;False;8507180;Thun, Bahnhof;2024-08-04 13:11:00;2024-08-04 13:11:04;REAL;;;;False;0.06666666666666667
2024-08-04;85:146:265640-02198-1;85:146;STI;STI Bus AG;Bus;85:146:1;1;11;B;False;False;8507180;Thun, Bahnhof;2024-08-04 13:12:00;2024-08-04 13:12:12;REAL;04.08.2024 13:15;04.08.2024 13:16:13;REAL;False;0.2
2024-08-04;85:146:274363-02198-1;85:146;STI;STI Bus AG;Bus;85:146:1;1;12;B;False;False;8507180;Thun, Bahnhof;2024-08-04 13:12:00;2024-08-04 13:13:57;REAL;04.08.2024 13:15;04.08.2024 13:15:29;REAL;False;1.95
2024-08-04;85:146:274412-02198-1;85:146;STI;STI Bus AG;Bus;85:146:1;1;16;B;False;False;8507180;Thun, Bahnhof;2024-08-04 13:27:00;2024-08-04 13:29:29;REAL;04.08.2024 13:30;04.08.2024 13:31:33;REAL;False;2.4833333333333334
2024-08-04;85:146:330052-02198-1;85:146;STI;STI Bus AG;Bus;85:146:3;3;34;B;False;False;8507180;Thun, Bahnhof;2024-08-04 13:27:00;2024-08-04 13:29:38;REAL;04.08.2024 13:30;04.08.2024 13:30:29;REAL;False;2.6333333333333333
2024-08-04;85:146:447434-02198-1;85:146;STI;STI Bus AG;Bus;85:146:2;2;21;B;False;False;8507180;Thun, Bahnhof;2024-08-04 13:27:00;2024-08-04 13:27:04;REAL;;;;False;0.06666666666666667
2024-08-04;85:146:218458-02198-1;85:146;STI;STI Bus AG;Bus;85:146:6;6;43;B;False;False;8507180;Thun, Bahnhof;2024-08-04 13:29:00;2024-08-04 13:29:33;REAL;;;;False;0.55
2024-08-04;85:146:265664-02198-1;85:146;STI;STI Bus AG;Bus;85:146:1;1;13;B;False;False;8507180;Thun, Bahnhof;2024-08-04 13:42:00;2024-08-04 13:42:18;REAL;04.08.2024 13:45;04.08.2024 13:46:03;REAL;False;0.3
2024-08-04;85:146:274352-02198-1;85:146;STI;STI Bus AG;Bus;85:146:1;1;11;B;False;False;8507180;Thun, Bahnhof;2024-08-04 13:42:00;2024-08-04 13:44:37;REAL;04.08.2024 13:45;04.08.2024 13:47:11;REAL;False;2.6166666666666667
2024-08-04;85:146:448808-02198-1;85:146;STI;STI Bus AG;Bus;85:146:4;4;43;B;False;False;8507180;Thun, Bahnhof;2024-08-04 13:56:00;2024-08-04 13:56:54;REAL;;;;False;0.9
2024-08-04;85:146:265651-02198-1;85:146;STI;STI Bus AG;Bus;85:146:1;1;12;B;False;False;8507180;Thun, Bahnhof;2024-08-04 13:57:00;2024-08-04 13:58:31;REAL;04.08.2024 14:00;04.08.2024 14:00:51;REAL;False;1.5166666666666666
2024-08-04;85:146:266664-02198-1;85:146;STI;STI Bus AG;Bus;85:146:51;51;42;B;False;False;8507180;Thun, Bahnhof;2024-08-04 13:57:00;2024-08-04 13:59:43;REAL;;;;False;2.716666666666667
2024-08-04;85:146:358784-02198-1;85:146;STI;STI Bus AG;Bus;85:146:3;3;30;B;False;False;8507180;Thun, Bahnhof;2024-08-04 13:57:00;2024-08-04 13:57:36;REAL;04.08.2024 14:00;04.08.2024 14:00:19;REAL;False;0.6
2024-08-04;85:146:274402-02198-1;85:146;STI;STI Bus AG;Bus;85:146:1;1;15;B;False;False;8507180;Thun, Bahnhof;2024-08-04 13:57:00;2024-08-04 13:59:07;REAL;04.08.2024 14:00;04.08.2024 14:00:33;REAL;False;2.1166666666666667
2024-08-04;85:146:267920-02198-1;85:146;STI;STI Bus AG;Bus;85:146:3;3;34;B;False;False;8507180;Thun, Bahnhof;2024-08-04 13:57:00;2024-08-04 13:59:12;REAL;04.08.2024 14:00;04.08.2024 14:03:10;REAL;False;2.2
2024-08-04;85:146:274376-02198-1;85:146;STI;STI Bus AG;Bus;85:146:1;1;13;B;False;False;8507180;Thun, Bahnhof;2024-08-04 14:12:00;2024-08-04 14:14:54;REAL;04.08.2024 14:15;04.08.2024 14:15:54;REAL;False;2.9
2024-08-04;85:146:265703-02198-1;85:146;STI;STI Bus AG;Bus;85:146:1;1;16;B;False;False;8507180;Thun, Bahnhof;2024-08-04 14:12:00;2024-08-04 14:12:31;REAL;04.08.2024 14:15;04.08.2024 14:15:34;REAL;False;0.5166666666666667
2024-08-04;85:146:218462-02198-1;85:146;STI;STI Bus AG;Bus;85:146:6;6;43;B;False;False;8507180;Thun, Bahnhof;2024-08-04 14:14:00;2024-08-04 14:14:38;REAL;;;;False;0.6333333333333333
2024-08-04;85:146:219026-02198-1;85:146;STI;STI Bus AG;Bus;85:146:25;25;86;B;False;False;8507180;Thun, Bahnhof;2024-08-04 14:24:00;2024-08-04 14:24:14;REAL;;;;False;0.23333333333333334
2024-08-04;85:146:217985-02198-1;85:146;STI;STI Bus AG;Bus;85:146:50;50;31;B;False;False;8507180;Thun, Bahnhof;2024-08-04 14:27:00;2024-08-04 14:27:33;REAL;;;;False;0.55
2024-08-04;85:146:274389-02198-1;85:146;STI;STI Bus AG;Bus;85:146:1;1;14;B;False;False;8507180;Thun, Bahnhof;2024-08-04 14:27:00;2024-08-04 14:29:19;REAL;04.08.2024 14:30;04.08.2024 14:30:35;REAL;False;2.316666666666667
2024-08-04;85:146:267008-02198-1;85:146;STI;STI Bus AG;Bus;85:146:21;21;59;B;False;False;8507180;Thun, Bahnhof;2024-08-04 14:39:00;2024-08-04 14:42:38;REAL;;;;False;3.6333333333333333
2024-08-04;85:146:448812-02198-1;85:146;STI;STI Bus AG;Bus;85:146:4;4;43;B;False;False;8507180;Thun, Bahnhof;2024-08-04 14:41:00;2024-08-04 14:41:13;REAL;;;;False;0.21666666666666667
2024-08-04;85:146:265692-02198-1;85:146;STI;STI Bus AG;Bus;85:146:1;1;15;B;False;False;8507180;Thun, Bahnhof;2024-08-04 14:42:00;2024-08-04 14:42:24;REAL;04.08.2024 14:45;04.08.2024 14:46:26;REAL;False;0.4
2024-08-04;85:146:218940-02198-1;85:146;STI;STI Bus AG;Bus;85:146:25;25;66;B;False;False;8507180;Thun, Bahnhof;2024-08-04 14:54:00;2024-08-04 14:55:32;REAL;;;;False;1.5333333333333334
2024-08-04;85:146:265665-02198-1;85:146;STI;STI Bus AG;Bus;85:146:1;1;13;B;False;False;8507180;Thun, Bahnhof;2024-08-04 14:57:00;2024-08-04 14:58:07;REAL;04.08.2024 15:00;04.08.2024 15:01:34;REAL;False;1.1166666666666667
2024-08-04;85:146:274364-02198-1;85:146;STI;STI Bus AG;Bus;85:146:1;1;12;B;False;False;8507180;Thun, Bahnhof;2024-08-04 14:57:00;2024-08-04 14:59:47;REAL;04.08.2024 15:00;04.08.2024 15:01:48;REAL;False;2.783333333333333
2024-08-04;85:146:218466-02198-1;85:146;STI;STI Bus AG;Bus;85:146:6;6;43;B;False;False;8507180;Thun, Bahnhof;2024-08-04 14:59:00;2024-08-04 14:59:14;REAL;;;;False;0.23333333333333334
2024-08-04;85:146:266918-02198-1;85:146;STI;STI Bus AG;Bus;85:146:21;21;54;B;False;False;8507180;Thun, Bahnhof;2024-08-04 15:09:00;2024-08-04 15:12:13;REAL;;;;False;3.216666666666667
2024-08-04;85:146:274403-02198-1;85:146;STI;STI Bus AG;Bus;85:146:1;1;15;B;False;False;8507180;Thun, Bahnhof;2024-08-04 15:12:00;2024-08-04 15:13:18;REAL;04.08.2024 15:15;04.08.2024 15:15:36;REAL;False;1.3
2024-08-04;85:146:265678-02198-1;85:146;STI;STI Bus AG;Bus;85:146:1;1;14;B;False;False;8507180;Thun, Bahnhof;2024-08-04 15:12:00;2024-08-04 15:12:04;REAL;04.08.2024 15:15;04.08.2024 15:15:54;REAL;False;0.06666666666666667
2024-08-04;85:146:448816-02198-1;85:146;STI;STI Bus AG;Bus;85:146:4;4;43;B;False;False;8507180;Thun, Bahnhof;2024-08-04 15:26:00;2024-08-04 15:26:49;REAL;;;;False;0.8166666666666667
2024-08-04;85:146:265704-02198-1;85:146;STI;STI Bus AG;Bus;85:146:1;1;16;B;False;False;8507180;Thun, Bahnhof;2024-08-04 15:27:00;2024-08-04 15:28:25;REAL;04.08.2024 15:30;04.08.2024 15:30:42;REAL;False;1.4166666666666667
2024-08-04;85:146:274353-02198-1;85:146;STI;STI Bus AG;Bus;85:146:1;1;11;B;False;False;8507180;Thun, Bahnhof;2024-08-04 15:27:00;2024-08-04 15:29:35;REAL;04.08.2024 15:30;04.08.2024 15:30:39;REAL;False;2.5833333333333335
2024-08-04;85:146:274841-02198-1;85:146;STI;STI Bus AG;Bus;85:146:55;55;29;B;False;False;8507180;Thun, Bahnhof;2024-08-04 15:27:00;2024-08-04 16:27:46;REAL;;;;False;60.766666666666666
2024-08-04;85:146:266887-02198-1;85:146;STI;STI Bus AG;Bus;85:146:21;21;53;B;False;False;8507180;Thun, Bahnhof;2024-08-04 15:39:00;2024-08-04 15:40:26;REAL;;;;False;1.4333333333333333
2024-08-04;85:146:448505-02198-1;85:146;STI;STI Bus AG;Bus;85:146:4;4;32;B;False;False;8507180;Thun, Bahnhof;2024-08-04 15:41:00;2024-08-04 15:41:27;REAL;;;;False;0.45
2024-08-04;85:146:359107-02198-1;85:146;STI;STI Bus AG;Bus;85:146:3;3;39;B;False;False;8507180;Thun, Bahnhof;2024-08-04 15:42:00;2024-08-04 15:44:02;REAL;04.08.2024 15:45;04.08.2024 15:46:14;REAL;False;2.033333333333333
2024-08-04;85:146:274390-02198-1;85:146;STI;STI Bus AG;Bus;85:146:1;1;14;B;False;False;8507180;Thun, Bahnhof;2024-08-04 15:42:00;2024-08-04 15:43:01;REAL;04.08.2024 15:45;04.08.2024 15:45:20;REAL;False;1.0166666666666666
2024-08-04;85:146:265652-02198-1;85:146;STI;STI Bus AG;Bus;85:146:1;1;12;B;False;False;8507180;Thun, Bahnhof;2024-08-04 15:42:00;2024-08-04 15:42:21;REAL;04.08.2024 15:45;04.08.2024 15:45:27;REAL;False;0.35
2024-08-04;85:146:448387-02198-1;85:146;STI;STI Bus AG;Bus;85:146:5;5;24;B;False;False;8507180;Thun, Bahnhof;2024-08-04 15:43:00;2024-08-04 15:43:36;REAL;;;;False;0.6
2024-08-04;85:146:218470-02198-1;85:146;STI;STI Bus AG;Bus;85:146:6;6;43;B;False;False;8507180;Thun, Bahnhof;2024-08-04 15:44:00;2024-08-04 15:44:16;REAL;;;;False;0.26666666666666666
2024-08-04;85:146:266368-02198-1;85:146;STI;STI Bus AG;Bus;85:146:51;51;33;B;False;False;8507180;Thun, Bahnhof;2024-08-04 15:57:00;2024-08-04 15:58:50;REAL;;;;False;1.8333333333333333
2024-08-04;85:146:274377-02198-1;85:146;STI;STI Bus AG;Bus;85:146:1;1;13;B;False;False;8507180;Thun, Bahnhof;2024-08-04 15:57:00;2024-08-04 15:59:18;REAL;04.08.2024 16:00;04.08.2024 16:01:09;REAL;False;2.3
2024-08-04;85:146:448280-02198-1;85:146;STI;STI Bus AG;Bus;85:146:5;5;20;B;False;False;8507180;Thun, Bahnhof;2024-08-04 15:58:00;2024-08-04 15:58:20;REAL;;;;False;0.3333333333333333
2024-08-04;85:146:218044-02198-1;85:146;STI;STI Bus AG;Bus;85:146:6;6;32;B;False;False;8507180;Thun, Bahnhof;2024-08-04 15:59:00;2024-08-04 16:00:32;REAL;;;;False;1.5333333333333334
2024-08-04;85:146:448820-02198-1;85:146;STI;STI Bus AG;Bus;85:146:4;4;43;B;False;False;8507180;Thun, Bahnhof;2024-08-04 16:11:00;2024-08-04 16:11:36;REAL;;;;False;0.6
2024-08-04;85:146:266548-02198-1;85:146;STI;STI Bus AG;Bus;85:146:3;3;39;B;False;False;8507180;Thun, Bahnhof;2024-08-04 16:12:00;2024-08-04 16:16:50;REAL;04.08.2024 16:15;04.08.2024 16:16:53;REAL;False;4.833333333333333
2024-08-04;85:146:274365-02198-1;85:146;STI;STI Bus AG;Bus;85:146:1;1;12;B;False;False;8507180;Thun, Bahnhof;2024-08-04 16:12:00;2024-08-04 16:13:09;REAL;04.08.2024 16:15;04.08.2024 16:15:06;REAL;False;1.15
2024-08-04;85:146:218106-02198-1;85:146;STI;STI Bus AG;Bus;85:146:6;6;33;B;False;False;8507180;Thun, Bahnhof;2024-08-04 16:14:00;2024-08-04 16:15:23;REAL;;;;False;1.3833333333333333
2024-08-04;85:146:266921-02198-1;85:146;STI;STI Bus AG;Bus;85:146:21;21;54;B;False;False;8507180;Thun, Bahnhof;2024-08-04 16:24:00;2024-08-04 16:27:46;REAL;;;;False;3.7666666666666666
2024-08-04;85:146:219034-02198-1;85:146;STI;STI Bus AG;Bus;85:146:25;25;86;B;False;False;8507180;Thun, Bahnhof;2024-08-04 16:24:00;2024-08-04 16:33:19;REAL;;;;False;9.316666666666666
2024-08-04;85:146:448509-02198-1;85:146;STI;STI Bus AG;Bus;85:146:4;4;32;B;False;False;8507180;Thun, Bahnhof;2024-08-04 16:26:00;2024-08-04 16:26:27;REAL;;;;False;0.45
2024-08-04;85:146:266254-02198-1;85:146;STI;STI Bus AG;Bus;85:146:3;3;31;B;False;False;8507180;Thun, Bahnhof;2024-08-04 16:27:00;2024-08-04 16:27:01;REAL;04.08.2024 16:30;04.08.2024 16:30:36;REAL;False;0.016666666666666666
2024-08-04;85:146:274414-02198-1;85:146;STI;STI Bus AG;Bus;85:146:1;1;16;B;False;False;8507180;Thun, Bahnhof;2024-08-04 16:27:00;2024-08-04 16:30:56;REAL;04.08.2024 16:30;04.08.2024 16:32:28;REAL;False;3.933333333333333
2024-08-04;85:146:275466-02198-1;85:146;STI;STI Bus AG;Bus;85:146:55;55;57;B;False;False;8507180;Thun, Bahnhof;2024-08-04 16:27:00;2024-08-04 16:29:33;REAL;;;;False;2.55
2024-08-04;85:146:218474-02198-1;85:146;STI;STI Bus AG;Bus;85:146:6;6;43;B;False;False;8507180;Thun, Bahnhof;2024-08-04 16:29:00;2024-08-04 16:30:09;REAL;;;;False;1.15
2024-08-04;85:146:266936-02198-1;85:146;STI;STI Bus AG;Bus;85:146:21;21;55;B;False;False;8507180;Thun, Bahnhof;2024-08-04 16:39:00;2024-08-04 16:46:26;REAL;;;;False;7.433333333333334
2024-08-04;85:146:448569-02198-1;85:146;STI;STI Bus AG;Bus;85:146:4;4;33;B;False;False;8507180;Thun, Bahnhof;2024-08-04 16:41:00;2024-08-04 16:41:46;REAL;;;;False;0.7666666666666667
2024-08-04;85:146:274354-02198-1;85:146;STI;STI Bus AG;Bus;85:146:1;1;11;B;False;False;8507180;Thun, Bahnhof;2024-08-04 16:42:00;2024-08-04 16:44:27;REAL;04.08.2024 16:45;04.08.2024 16:45:38;REAL;False;2.45
2024-08-04;85:146:265666-02198-1;85:146;STI;STI Bus AG;Bus;85:146:1;1;13;B;False;False;8507180;Thun, Bahnhof;2024-08-04 16:42:00;2024-08-04 16:42:40;REAL;04.08.2024 16:45;04.08.2024 16:45:39;REAL;False;0.6666666666666666
2024-08-04;85:146:218048-02198-1;85:146;STI;STI Bus AG;Bus;85:146:6;6;32;B;False;False;8507180;Thun, Bahnhof;2024-08-04 16:44:00;2024-08-04 16:45:39;REAL;;;;False;1.65
2024-08-04;85:146:218948-02198-1;85:146;STI;STI Bus AG;Bus;85:146:25;25;66;B;False;False;8507180;Thun, Bahnhof;2024-08-04 16:54:00;2024-08-04 17:05:54;REAL;;;;False;11.9
2024-08-04;85:146:266890-02198-1;85:146;STI;STI Bus AG;Bus;85:146:21;21;53;B;False;False;8507180;Thun, Bahnhof;2024-08-04 16:54:00;2024-08-04 17:04:26;REAL;;;;False;10.433333333333334
2024-08-04;85:146:267951-02198-1;85:146;STI;STI Bus AG;Bus;85:146:3;3;35;B;False;False;8507180;Thun, Bahnhof;2024-08-04 16:57:00;2024-08-04 16:57:38;REAL;04.08.2024 17:00;04.08.2024 17:03:13;REAL;False;0.6333333333333333
2024-08-04;85:146:274404-02198-1;85:146;STI;STI Bus AG;Bus;85:146:1;1;15;B;False;False;8507180;Thun, Bahnhof;2024-08-04 16:57:00;2024-08-04 16:58:20;REAL;04.08.2024 17:00;04.08.2024 17:00:27;REAL;False;1.3333333333333333
2024-08-04;85:146:266830-02198-1;85:146;STI;STI Bus AG;Bus;85:146:21;21;51;B;False;False;8507180;Thun, Bahnhof;2024-08-04 17:09:00;2024-08-04 17:14:38;REAL;;;;False;5.633333333333334
2024-08-04;85:146:448513-02198-1;85:146;STI;STI Bus AG;Bus;85:146:4;4;32;B;False;False;8507180;Thun, Bahnhof;2024-08-04 17:11:00;2024-08-04 17:11:17;REAL;;;;False;0.2833333333333333
2024-08-04;85:146:274378-02198-1;85:146;STI;STI Bus AG;Bus;85:146:1;1;13;B;False;False;8507180;Thun, Bahnhof;2024-08-04 17:12:00;2024-08-04 17:13:32;REAL;04.08.2024 17:15;04.08.2024 17:15:43;REAL;False;1.5333333333333334
2024-08-04;85:146:266550-02198-1;85:146;STI;STI Bus AG;Bus;85:146:3;3;39;B;False;False;8507180;Thun, Bahnhof;2024-08-04 17:12:00;2024-08-04 17:12:03;REAL;04.08.2024 17:15;04.08.2024 17:16:09;REAL;False;0.05
2024-08-04;85:146:219038-02198-1;85:146;STI;STI Bus AG;Bus;85:146:25;25;86;B;False;False;8507180;Thun, Bahnhof;2024-08-04 17:24:00;2024-08-04 17:35:10;REAL;;;;False;11.166666666666666
2024-08-04;85:146:266939-02198-1;85:146;STI;STI Bus AG;Bus;85:146:21;21;55;B;False;False;8507180;Thun, Bahnhof;2024-08-04 17:24:00;2024-08-04 17:30:16;REAL;;;;False;6.266666666666667
2024-08-04;85:146:448573-02198-1;85:146;STI;STI Bus AG;Bus;85:146:4;4;33;B;False;False;8507180;Thun, Bahnhof;2024-08-04 17:26:00;2024-08-04 17:26:15;REAL;;;;False;0.25
2024-08-04;85:146:265643-02198-1;85:146;STI;STI Bus AG;Bus;85:146:1;1;11;B;False;False;8507180;Thun, Bahnhof;2024-08-04 17:27:00;2024-08-04 17:27:08;REAL;04.08.2024 17:30;04.08.2024 17:30:26;REAL;False;0.13333333333333333
2024-08-04;85:146:274391-02198-1;85:146;STI;STI Bus AG;Bus;85:146:1;1;14;B;False;False;8507180;Thun, Bahnhof;2024-08-04 17:27:00;2024-08-04 17:29:58;REAL;04.08.2024 17:30;04.08.2024 17:32:33;REAL;False;2.966666666666667
2024-08-04;85:146:266256-02198-1;85:146;STI;STI Bus AG;Bus;85:146:3;3;31;B;False;False;8507180;Thun, Bahnhof;2024-08-04 17:27:00;2024-08-04 17:27:46;REAL;04.08.2024 17:30;04.08.2024 17:31:33;REAL;False;0.7666666666666667
2024-08-04;85:146:266797-02198-1;85:146;STI;STI Bus AG;Bus;85:146:21;21;50;B;False;False;8507180;Thun, Bahnhof;2024-08-04 17:39:00;2024-08-04 17:52:45;REAL;;;;False;13.75
2024-08-04;85:146:265694-02198-1;85:146;STI;STI Bus AG;Bus;85:146:1;1;15;B;False;False;8507180;Thun, Bahnhof;2024-08-04 17:42:00;2024-08-04 17:42:44;REAL;04.08.2024 17:45;04.08.2024 17:46:13;REAL;False;0.7333333333333333
2024-08-04;85:146:274415-02198-1;85:146;STI;STI Bus AG;Bus;85:146:1;1;16;B;False;False;8507180;Thun, Bahnhof;2024-08-04 17:42:00;2024-08-04 17:44:25;REAL;04.08.2024 17:45;04.08.2024 17:45:20;REAL;False;2.4166666666666665
2024-08-04;85:146:266834-02198-1;85:146;STI;STI Bus AG;Bus;85:146:21;21;51;B;False;False;8507180;Thun, Bahnhof;2024-08-04 17:54:00;2024-08-04 18:02:56;REAL;;;;False;8.933333333333334
2024-08-04;85:146:218952-02198-1;85:146;STI;STI Bus AG;Bus;85:146:25;25;66;B;False;False;8507180;Thun, Bahnhof;2024-08-04 17:54:00;2024-08-04 18:06:38;REAL;;;;False;12.633333333333333
2024-08-04;85:146:218793-02198-1;85:146;STI;STI Bus AG;Bus;85:146:41;41;62;B;False;False;8507180;Thun, Bahnhof;2024-08-04 17:55:00;2024-08-04 17:55:18;REAL;;;;False;0.3
2024-08-04;85:146:448517-02198-1;85:146;STI;STI Bus AG;Bus;85:146:4;4;32;B;False;False;8507180;Thun, Bahnhof;2024-08-04 17:56:00;2024-08-04 17:56:47;REAL;;;;False;0.7833333333333333
2024-08-04;85:146:218988-02198-1;85:146;STI;STI Bus AG;Bus;85:146:33;33;71;B;False;False;8507180;Thun, Bahnhof;2024-08-04 17:57:00;2024-08-04 17:58:17;REAL;;;;False;1.2833333333333334
2024-08-04;85:146:274366-02198-1;85:146;STI;STI Bus AG;Bus;85:146:1;1;12;B;False;False;8507180;Thun, Bahnhof;2024-08-04 17:57:00;2024-08-04 17:58:46;REAL;04.08.2024 18:00;04.08.2024 18:00:10;REAL;False;1.7666666666666666
2024-08-04;85:146:265667-02198-1;85:146;STI;STI Bus AG;Bus;85:146:1;1;13;B;False;False;8507180;Thun, Bahnhof;2024-08-04 17:57:00;2024-08-04 17:57:43;REAL;04.08.2024 18:00;04.08.2024 18:00:53;REAL;False;0.7166666666666667
2024-08-04;85:146:267014-02198-1;85:146;STI;STI Bus AG;Bus;85:146:21;21;59;B;False;False;8507180;Thun, Bahnhof;2024-08-04 18:09:00;2024-08-04 18:19:09;REAL;;;;False;10.15
2024-08-04;85:146:448577-02198-1;85:146;STI;STI Bus AG;Bus;85:146:4;4;33;B;False;False;8507180;Thun, Bahnhof;2024-08-04 18:11:00;2024-08-04 18:11:03;REAL;;;;False;0.05
2024-08-04;85:146:274405-02198-1;85:146;STI;STI Bus AG;Bus;85:146:1;1;15;B;False;False;8507180;Thun, Bahnhof;2024-08-04 18:12:00;2024-08-04 18:12:41;REAL;04.08.2024 18:15;04.08.2024 18:15:22;REAL;False;0.6833333333333333
2024-08-04;85:146:219042-02198-1;85:146;STI;STI Bus AG;Bus;85:146:25;25;86;B;False;False;8507180;Thun, Bahnhof;2024-08-04 18:24:00;2024-08-04 18:31:11;REAL;;;;False;7.183333333333334
2024-08-04;85:146:266801-02198-1;85:146;STI;STI Bus AG;Bus;85:146:21;21;50;B;False;False;8507180;Thun, Bahnhof;2024-08-04 18:24:00;2024-08-04 18:30:53;REAL;;;;False;6.883333333333334
2024-08-04;85:146:274355-02198-1;85:146;STI;STI Bus AG;Bus;85:146:1;1;11;B;False;False;8507180;Thun, Bahnhof;2024-08-04 18:27:00;2024-08-04 18:28:20;REAL;04.08.2024 18:30;04.08.2024 18:30:22;REAL;False;1.3333333333333333
2024-08-04;85:146:274887-02198-1;85:146;STI;STI Bus AG;Bus;85:146:55;55;30;B;False;False;8507180;Thun, Bahnhof;2024-08-04 18:27:00;2024-08-04 18:27:17;REAL;;;;False;0.2833333333333333
2024-08-04;85:146:265706-02198-1;85:146;STI;STI Bus AG;Bus;85:146:1;1;16;B;False;False;8507180;Thun, Bahnhof;2024-08-04 18:27:00;2024-08-04 18:27:29;REAL;04.08.2024 18:30;04.08.2024 18:30:20;REAL;False;0.48333333333333334
2024-08-04;85:146:266924-02198-1;85:146;STI;STI Bus AG;Bus;85:146:21;21;54;B;False;False;8507180;Thun, Bahnhof;2024-08-04 18:39:00;2024-08-04 18:42:25;REAL;;;;False;3.4166666666666665
2024-08-04;85:146:274392-02198-1;85:146;STI;STI Bus AG;Bus;85:146:1;1;14;B;False;False;8507180;Thun, Bahnhof;2024-08-04 18:42:00;2024-08-04 18:42:55;REAL;04.08.2024 18:45;04.08.2024 18:45:23;REAL;False;0.9166666666666666
2024-08-04;85:146:218486-02198-1;85:146;STI;STI Bus AG;Bus;85:146:6;6;43;B;False;False;8507180;Thun, Bahnhof;2024-08-04 18:44:00;2024-08-04 18:44:01;REAL;;;;False;0.016666666666666666
2024-08-04;85:146:218797-02198-1;85:146;STI;STI Bus AG;Bus;85:146:25;25;62;B;False;False;8507180;Thun, Bahnhof;2024-08-04 18:54:00;2024-08-04 18:54:26;REAL;;;;False;0.43333333333333335
2024-08-04;85:146:265695-02198-1;85:146;STI;STI Bus AG;Bus;85:146:1;1;15;B;False;False;8507180;Thun, Bahnhof;2024-08-04 18:57:00;2024-08-04 18:57:13;REAL;04.08.2024 19:00;04.08.2024 19:02:19;REAL;False;0.21666666666666667
2024-08-04;85:146:274379-02198-1;85:146;STI;STI Bus AG;Bus;85:146:1;1;13;B;False;False;8507180;Thun, Bahnhof;2024-08-04 18:57:00;2024-08-04 18:57:49;REAL;04.08.2024 19:00;04.08.2024 19:00:36;REAL;False;0.8166666666666667
2024-08-04;85:146:218060-02198-1;85:146;STI;STI Bus AG;Bus;85:146:6;6;32;B;False;False;8507180;Thun, Bahnhof;2024-08-04 18:59:00;2024-08-04 19:00:51;REAL;;;;False;1.85
2024-08-04;85:146:447502-02198-1;85:146;STI;STI Bus AG;Bus;85:146:2;2;23;B;False;False;8507180;Thun, Bahnhof;2024-08-04 19:13:00;2024-08-04 19:13:27;REAL;;;;False;0.45
2024-08-04;85:146:274416-02198-1;85:146;STI;STI Bus AG;Bus;85:146:1;1;16;B;False;False;8507180;Thun, Bahnhof;2024-08-04 19:27:00;2024-08-04 19:27:40;REAL;04.08.2024 19:30;04.08.2024 19:30:18;REAL;False;0.6666666666666666
2024-08-04;85:146:218490-02198-1;85:146;STI;STI Bus AG;Bus;85:146:6;6;43;B;False;False;8507180;Thun, Bahnhof;2024-08-04 19:29:00;2024-08-04 19:29:17;REAL;;;;False;0.2833333333333333
2024-08-04;85:146:274356-02198-1;85:146;STI;STI Bus AG;Bus;85:146:1;1;11;B;False;False;8507180;Thun, Bahnhof;2024-08-04 19:42:00;2024-08-04 19:42:15;REAL;04.08.2024 19:45;04.08.2024 19:45:35;REAL;False;0.25
2024-08-04;85:146:448840-02198-1;85:146;STI;STI Bus AG;Bus;85:146:4;4;43;B;False;False;8507180;Thun, Bahnhof;2024-08-04 19:56:00;2024-08-04 19:57:43;REAL;;;;False;1.7166666666666666
2024-08-04;85:146:265655-02198-1;85:146;STI;STI Bus AG;Bus;85:146:1;1;12;B;False;False;8507180;Thun, Bahnhof;2024-08-04 19:57:00;2024-08-04 20:01:05;REAL;04.08.2024 20:00;04.08.2024 20:01:15;REAL;False;4.083333333333333
2024-08-04;85:146:274406-02198-1;85:146;STI;STI Bus AG;Bus;85:146:1;1;15;B;False;False;8507180;Thun, Bahnhof;2024-08-04 19:57:00;2024-08-04 19:59:52;REAL;04.08.2024 20:00;04.08.2024 20:02:42;REAL;False;2.8666666666666667
2024-08-04;85:146:447530-02198-1;85:146;STI;STI Bus AG;Bus;85:146:2;2;24;B;False;False;8507180;Thun, Bahnhof;2024-08-04 19:58:00;2024-08-04 19:58:14;REAL;;;;False;0.23333333333333334
2024-08-04;85:146:448529-02198-1;85:146;STI;STI Bus AG;Bus;85:146:4;4;32;B;False;False;8507180;Thun, Bahnhof;2024-08-04 20:11:00;2024-08-04 20:11:38;REAL;;;;False;0.6333333333333333
2024-08-04;85:146:274380-02198-1;85:146;STI;STI Bus AG;Bus;85:146:1;1;13;B;False;False;8507180;Thun, Bahnhof;2024-08-04 20:12:00;2024-08-04 20:12:36;REAL;04.08.2024 20:15;04.08.2024 20:15:20;REAL;False;0.6
2024-08-04;85:146:218494-02198-1;85:146;STI;STI Bus AG;Bus;85:146:6;6;43;B;False;False;8507180;Thun, Bahnhof;2024-08-04 20:15:00;2024-08-04 20:15:33;REAL;;;;False;0.55
2024-08-04;85:146:266984-02198-1;85:146;STI;STI Bus AG;Bus;85:146:3;3;57;B;False;False;8507180;Thun, Bahnhof;2024-08-04 20:27:00;2024-08-04 20:27:03;REAL;;;;False;0.05
2024-08-04;85:146:274393-02198-1;85:146;STI;STI Bus AG;Bus;85:146:1;1;14;B;False;False;8507180;Thun, Bahnhof;2024-08-04 20:27:00;2024-08-04 20:29:26;REAL;04.08.2024 20:30;04.08.2024 20:31:39;REAL;False;2.433333333333333
2024-08-04;85:146:447446-02198-1;85:146;STI;STI Bus AG;Bus;85:146:2;2;21;B;False;False;8507180;Thun, Bahnhof;2024-08-04 20:27:00;2024-08-04 20:28:24;REAL;;;;False;1.4
2024-08-04;85:146:265696-02198-1;85:146;STI;STI Bus AG;Bus;85:146:1;1;15;B;False;False;8507180;Thun, Bahnhof;2024-08-04 20:27:00;2024-08-04 20:31:18;REAL;04.08.2024 20:30;04.08.2024 20:32:02;REAL;False;4.3
2024-08-04;85:146:448844-02198-1;85:146;STI;STI Bus AG;Bus;85:146:4;4;43;B;False;False;8507180;Thun, Bahnhof;2024-08-04 20:41:00;2024-08-04 20:41:20;REAL;;;;False;0.3333333333333333
2024-08-04;85:146:447478-02198-1;85:146;STI;STI Bus AG;Bus;85:146:2;2;22;B;False;False;8507180;Thun, Bahnhof;2024-08-04 20:42:00;2024-08-04 20:43:01;REAL;;;;False;1.0166666666666666
2024-08-04;85:146:266527-02198-1;85:146;STI;STI Bus AG;Bus;85:146:3;3;38;B;False;False;8507180;Thun, Bahnhof;2024-08-04 20:42:00;2024-08-04 20:42:41;REAL;04.08.2024 20:45;04.08.2024 20:46:02;REAL;False;0.6833333333333333
2024-08-04;85:146:274417-02198-1;85:146;STI;STI Bus AG;Bus;85:146:1;1;16;B;False;False;8507180;Thun, Bahnhof;2024-08-04 20:42:00;2024-08-04 20:43:08;REAL;04.08.2024 20:45;04.08.2024 20:45:14;REAL;False;1.1333333333333333
2024-08-04;85:146:449455-02198-1;85:146;STI;STI Bus AG;Bus;85:146:32;32;90;B;False;False;8507180;Thun, Bahnhof;2024-08-04 20:55:00;2024-08-04 20:57:03;REAL;;;;False;2.05
2024-08-04;85:146:448533-02198-1;85:146;STI;STI Bus AG;Bus;85:146:4;4;32;B;False;False;8507180;Thun, Bahnhof;2024-08-04 20:56:00;2024-08-04 20:56:24;REAL;;;;False;0.4
2024-08-04;85:146:267319-02198-1;85:146;STI;STI Bus AG;Bus;85:146:21;21;86;B;False;False;8507180;Thun, Bahnhof;2024-08-04 20:57:00;2024-08-04 20:59:52;REAL;;;;False;2.8666666666666667
2024-08-04;85:146:266486-02198-1;85:146;STI;STI Bus AG;Bus;85:146:51;51;35;B;False;False;8507180;Thun, Bahnhof;2024-08-04 20:57:00;2024-08-04 20:57:13;REAL;;;;False;0.21666666666666667
2024-08-04;85:146:267141-02198-1;85:146;STI;STI Bus AG;Bus;85:146:3;3;64;B;False;False;8507180;Thun, Bahnhof;2024-08-04 20:57:00;2024-08-04 20:57:43;REAL;04.08.2024 21:00;04.08.2024 21:00:41;REAL;False;0.7166666666666667
2024-08-04;85:146:265682-02198-1;85:146;STI;STI Bus AG;Bus;85:146:1;1;14;B;False;False;8507180;Thun, Bahnhof;2024-08-04 20:57:00;2024-08-04 20:58:43;REAL;04.08.2024 21:00;04.08.2024 21:01:50;REAL;False;1.7166666666666666
2024-08-04;85:146:274368-02198-1;85:146;STI;STI Bus AG;Bus;85:146:1;1;12;B;False;False;8507180;Thun, Bahnhof;2024-08-04 20:57:00;2024-08-04 20:57:51;REAL;04.08.2024 21:00;04.08.2024 21:00:54;REAL;False;0.85
2024-08-04;85:146:448311-02198-1;85:146;STI;STI Bus AG;Bus;85:146:5;5;21;B;False;False;8507180;Thun, Bahnhof;2024-08-04 20:58:00;2024-08-04 20:59:36;REAL;;;;False;1.6
2024-08-04;85:146:448593-02198-1;85:146;STI;STI Bus AG;Bus;85:146:4;4;33;B;False;False;8507180;Thun, Bahnhof;2024-08-04 21:11:00;2024-08-04 21:11:34;REAL;;;;False;0.5666666666666667
2024-08-04;85:146:359088-02198-1;85:146;STI;STI Bus AG;Bus;85:146:3;3;38;B;False;False;8507180;Thun, Bahnhof;2024-08-04 21:12:00;2024-08-04 21:13:04;REAL;04.08.2024 21:15;04.08.2024 21:15:37;REAL;False;1.0666666666666667
2024-08-04;85:146:266558-02198-1;85:146;STI;STI Bus AG;Bus;85:146:3;3;39;B;False;False;8507180;Thun, Bahnhof;2024-08-04 21:12:00;2024-08-04 21:12:43;REAL;04.08.2024 21:15;04.08.2024 21:15:49;REAL;False;0.7166666666666667
2024-08-04;85:146:447506-02198-1;85:146;STI;STI Bus AG;Bus;85:146:2;2;23;B;False;False;8507180;Thun, Bahnhof;2024-08-04 21:12:00;2024-08-04 21:12:39;REAL;;;;False;0.65
2024-08-04;85:146:274381-02198-1;85:146;STI;STI Bus AG;Bus;85:146:1;1;13;B;False;False;8507180;Thun, Bahnhof;2024-08-04 21:12:00;2024-08-04 21:13:36;REAL;04.08.2024 21:15;04.08.2024 21:15:20;REAL;False;1.6
2024-08-04;85:146:448848-02198-1;85:146;STI;STI Bus AG;Bus;85:146:4;4;43;B;False;False;8507180;Thun, Bahnhof;2024-08-04 21:26:00;2024-08-04 21:26:41;REAL;;;;False;0.6833333333333333
2024-08-04;85:146:266266-02198-1;85:146;STI;STI Bus AG;Bus;85:146:3;3;31;B;False;False;8507180;Thun, Bahnhof;2024-08-04 21:27:00;2024-08-04 21:29:11;REAL;04.08.2024 21:30;04.08.2024 21:30:13;REAL;False;2.183333333333333
2024-08-04;85:146:447448-02198-1;85:146;STI;STI Bus AG;Bus;85:146:2;2;21;B;False;False;8507180;Thun, Bahnhof;2024-08-04 21:27:00;2024-08-04 21:28:30;REAL;;;;False;1.5
2024-08-04;85:146:266945-02198-1;85:146;STI;STI Bus AG;Bus;85:146:21;21;55;B;False;False;8507180;Thun, Bahnhof;2024-08-04 21:27:00;2024-08-04 21:28:44;REAL;;;;False;1.7333333333333334
2024-08-04;85:146:274407-02198-1;85:146;STI;STI Bus AG;Bus;85:146:1;1;15;B;False;False;8507180;Thun, Bahnhof;2024-08-04 21:27:00;2024-08-04 21:27:32;REAL;04.08.2024 21:30;04.08.2024 21:28:14;REAL;False;0.5333333333333333
2024-08-04;85:146:448537-02198-1;85:146;STI;STI Bus AG;Bus;85:146:4;4;32;B;False;False;8507180;Thun, Bahnhof;2024-08-04 21:41:00;2024-08-04 21:42:42;REAL;;;;False;1.7
2024-08-04;85:146:218502-02198-1;85:146;STI;STI Bus AG;Bus;85:146:6;6;43;B;False;False;8507180;Thun, Bahnhof;2024-08-04 21:45:00;2024-08-04 21:45:30;REAL;;;;False;0.5
2024-08-04;85:146:448597-02198-1;85:146;STI;STI Bus AG;Bus;85:146:4;4;33;B;False;False;8507180;Thun, Bahnhof;2024-08-04 21:56:00;2024-08-04 21:56:15;REAL;;;;False;0.25
2024-08-04;85:146:374761-02198-1;85:146;STI;STI Bus AG;Bus;85:146:51;51;34;B;False;False;8507180;Thun, Bahnhof;2024-08-04 21:57:00;2024-08-04 21:59:30;REAL;;;;False;2.5
2024-08-04;85:146:267069-02198-1;85:146;STI;STI Bus AG;Bus;85:146:3;3;66;B;False;False;8507180;Thun, Bahnhof;2024-08-04 21:57:00;2024-08-04 21:57:05;REAL;04.08.2024 22:00;04.08.2024 22:01:01;REAL;False;0.08333333333333333
2024-08-04;85:146:358843-02198-1;85:146;STI;STI Bus AG;Bus;85:146:3;3;31;B;False;False;8507180;Thun, Bahnhof;2024-08-04 21:57:00;2024-08-04 21:58:57;REAL;04.08.2024 22:00;04.08.2024 22:00:52;REAL;False;1.95
2024-08-04;85:146:448852-02198-1;85:146;STI;STI Bus AG;Bus;85:146:4;4;43;B;False;False;8507180;Thun, Bahnhof;2024-08-04 22:20:00;2024-08-04 22:23:10;REAL;;;;False;3.1666666666666665
2024-08-04;85:146:266987-02198-1;85:146;STI;STI Bus AG;Bus;85:146:21;21;57;B;False;False;8507180;Thun, Bahnhof;2024-08-04 22:27:00;2024-08-04 22:28:44;REAL;;;;False;1.7333333333333334
2024-08-04;85:146:218506-02198-1;85:146;STI;STI Bus AG;Bus;85:146:6;6;43;B;False;False;8507180;Thun, Bahnhof;2024-08-04 22:45:00;2024-08-04 22:45:25;REAL;;;;False;0.4166666666666667
2024-08-04;85:146:274408-02198-1;85:146;STI;STI Bus AG;Bus;85:146:1;1;15;B;False;False;8507180;Thun, Bahnhof;2024-08-04 22:57:00;2024-08-04 22:59:11;REAL;04.08.2024 23:00;04.08.2024 23:00:00;REAL;False;2.183333333333333
2024-08-04;85:146:374763-02198-1;85:146;STI;STI Bus AG;Bus;85:146:51;51;35;B;False;False;8507180;Thun, Bahnhof;2024-08-04 22:57:00;2024-08-04 22:57:06;REAL;;;;False;0.1
2024-08-04;85:146:448856-02198-1;85:146;STI;STI Bus AG;Bus;85:146:4;4;43;B;False;False;8507180;Thun, Bahnhof;2024-08-04 23:20:00;2024-08-04 23:20:01;REAL;;;;False;0.016666666666666666
2024-08-04;85:146:218510-02198-1;85:146;STI;STI Bus AG;Bus;85:146:6;6;43;B;False;False;8507180;Thun, Bahnhof;2024-08-04 23:45:00;2024-08-04 23:46:17;REAL;;;;False;1.2833333333333334
2024-08-04;85:146:374762-02198-1;85:146;STI;STI Bus AG;Bus;85:146:51;51;34;B;False;False;8507180;Thun, Bahnhof;2024-08-04 23:57:00;2024-08-04 23:58:36;REAL;;;;False;1.6
